﻿<?xml version="1.0" encoding="utf-8"?>
<TextureAtlas imagePath="mines.png">
	<!-- Created with Adobe Animate version 21.0.5.40714 -->
	<!-- http://www.adobe.com/products/animate.html -->
	<SubTexture name="mine0000" x="4" y="4" width="134" height="135" pivotX="152.75" pivotY="62.85" frameX="-7" frameY="-3" frameWidth="145" frameHeight="145"/>
	<SubTexture name="mine0001" x="142" y="4" width="139" height="133" frameX="-5" frameY="-6" frameWidth="145" frameHeight="145"/>
	<SubTexture name="mine0002" x="285" y="4" width="142" height="134" frameX="-3" frameY="-7" frameWidth="145" frameHeight="145"/>
	<SubTexture name="mine0003" x="431" y="4" width="141" height="135" frameX="-4" frameY="-7" frameWidth="145" frameHeight="145"/>
	<SubTexture name="mine0004" x="576" y="4" width="140" height="135" frameX="-4" frameY="-7" frameWidth="145" frameHeight="145"/>
	<SubTexture name="mine0005" x="720" y="4" width="135" height="134" frameX="-7" frameY="-7" frameWidth="145" frameHeight="145"/>
	<SubTexture name="mine0006" x="859" y="4" width="133" height="140" frameX="-6" frameY="-5" frameWidth="145" frameHeight="145"/>
	<SubTexture name="mine0007" x="4" y="148" width="134" height="142" frameX="-4" frameY="-3" frameWidth="145" frameHeight="145"/>
	<SubTexture name="mine0008" x="142" y="148" width="134" height="141" frameX="-4" frameY="-4" frameWidth="145" frameHeight="145"/>
	<SubTexture name="mine0009" x="280" y="148" width="135" height="140" frameX="-3" frameY="-4" frameWidth="145" frameHeight="145"/>
	<SubTexture name="mine0010" x="419" y="148" width="135" height="135" frameX="-3" frameY="-7" frameWidth="145" frameHeight="145"/>
	<SubTexture name="mine0011" x="558" y="148" width="140" height="133" frameX="-1" frameY="-6" frameWidth="145" frameHeight="145"/>
	<SubTexture name="mine0012" x="702" y="148" width="142" height="134" frameX="0" frameY="-4" frameWidth="145" frameHeight="145"/>
	<SubTexture name="mine0013" x="848" y="148" width="141" height="134" frameX="0" frameY="-4" frameWidth="145" frameHeight="145"/>
	<SubTexture name="mine0014" x="4" y="294" width="139" height="136" frameX="-1" frameY="-3" frameWidth="145" frameHeight="145"/>
	<SubTexture name="mine0015" x="147" y="294" width="134" height="135" frameX="-4" frameY="-3" frameWidth="145" frameHeight="145"/>
	<SubTexture name="mine0016" x="285" y="294" width="132" height="140" frameX="-7" frameY="-1" frameWidth="145" frameHeight="145"/>
	<SubTexture name="mine0017" x="421" y="294" width="135" height="142" frameX="-7" frameY="0" frameWidth="145" frameHeight="145"/>
	<SubTexture name="mine0018" x="560" y="294" width="134" height="141" frameX="-7" frameY="0" frameWidth="145" frameHeight="145"/>
	<SubTexture name="mine0019" x="698" y="294" width="136" height="139" frameX="-6" frameY="-1" frameWidth="145" frameHeight="145"/>
</TextureAtlas>
